player_id,ab_group,total_rounds,retained_d1,retained_d7,install_date,country,device_type,avg_session_duration,level_reached,is_churned,player_segment,churn_risk
39069,gate_30,227,False,False,2026-05-15 10:01:37.913743,Cambodia,ios,14.5,30,True,Super Player,Medium
70294,gate_40,199,True,False,2026-06-02 10:01:37.913743,Indonesia,ios,14.7,40,True,Super Player,Medium
84100,gate_30,160,True,False,2026-05-11 10:01:37.913743,Cambodia,android,18.9,30,True,Super Player,Low
117868,gate_30,190,True,False,2026-06-04 10:01:37.913743,Philippines,android,15.7,30,True,Super Player,Low
148166,gate_30,211,True,False,2026-06-12 10:01:37.913743,Philippines,android,16.9,30,True,Super Player,Low
158820,gate_40,294,True,False,2026-06-04 10:01:37.913743,Thailand,ios,19.5,40,True,Super Player,Low
169254,gate_30,327,True,False,2026-04-24 10:01:37.913743,Indonesia,ios,19.0,30,True,Super Player,Low
199739,gate_40,196,True,False,2026-05-19 10:01:37.913743,Philippines,ios,15.4,40,True,Super Player,Low
218725,gate_40,195,True,False,2026-06-11 10:01:37.913743,Indonesia,android,16.4,40,True,Super Player,Low
232761,gate_30,286,True,False,2026-05-09 10:01:37.913743,Philippines,android,14.0,30,True,Super Player,Medium
235996,gate_40,245,True,False,2026-04-27 10:01:37.913743,Vietnam,android,14.0,40,True,Super Player,Medium
237543,gate_30,289,True,False,2026-05-04 10:01:37.913743,Indonesia,android,16.6,30,True,Super Player,Low
259958,gate_30,145,True,False,2026-04-26 10:01:37.913743,Indonesia,android,11.9,30,True,Super Player,Medium
294254,gate_40,245,True,False,2026-04-22 10:01:37.913743,Indonesia,android,14.5,40,True,Super Player,Medium
318461,gate_30,183,True,False,2026-05-01 10:01:37.913743,Philippines,android,19.1,30,True,Super Player,Low
334697,gate_40,219,True,False,2026-05-19 10:01:37.913743,Indonesia,android,16.3,40,True,Super Player,Low
382905,gate_30,213,True,False,2026-05-11 10:01:37.913743,Vietnam,android,19.9,30,True,Super Player,Low
398227,gate_40,270,True,False,2026-04-21 10:01:37.913743,Malaysia,android,18.4,40,True,Super Player,Low
400359,gate_30,248,True,False,2026-06-18 10:01:37.913743,Thailand,android,16.6,30,True,Super Player,Low
416411,gate_40,219,True,False,2026-05-25 10:01:37.913743,Vietnam,android,16.4,40,True,Super Player,Low
418453,gate_30,157,False,False,2026-05-09 10:01:37.913743,Indonesia,ios,15.0,30,True,Super Player,Low
469328,gate_30,368,True,False,2026-05-19 10:01:37.913743,Indonesia,android,17.7,30,True,Super Player,Low
470407,gate_30,165,False,False,2026-05-11 10:01:37.913743,Philippines,android,12.2,30,True,Super Player,Medium
489306,gate_30,187,False,False,2026-04-27 10:01:37.913743,Vietnam,ios,16.8,30,True,Super Player,Low
490000,gate_40,201,False,False,2026-05-11 10:01:37.913743,Indonesia,android,15.8,40,True,Super Player,Low
499402,gate_30,146,True,False,2026-05-15 10:01:37.913743,Vietnam,android,12.2,30,True,Super Player,Medium
521819,gate_30,145,True,False,2026-05-10 10:01:37.913743,Malaysia,android,15.9,30,True,Super Player,Low
537169,gate_30,149,True,False,2026-04-28 10:01:37.913743,Indonesia,ios,11.2,30,True,Super Player,Medium
575228,gate_40,422,True,False,2026-05-30 10:01:37.913743,Indonesia,android,17.3,40,True,Super Player,Low
584681,gate_40,196,True,False,2026-05-15 10:01:37.913743,Philippines,android,14.2,40,True,Super Player,Medium
601039,gate_30,204,True,False,2026-05-05 10:01:37.913743,Indonesia,android,14.6,30,True,Super Player,Medium
604555,gate_30,289,True,False,2026-04-29 10:01:37.913743,Indonesia,ios,14.2,30,True,Super Player,Medium
621396,gate_30,193,True,False,2026-06-09 10:01:37.913743,Vietnam,android,13.3,30,True,Super Player,Medium
643015,gate_40,227,True,False,2026-04-29 10:01:37.913743,Vietnam,ios,16.8,40,True,Super Player,Low
655611,gate_30,155,False,False,2026-05-02 10:01:37.913743,Vietnam,android,15.4,30,True,Super Player,Low
697745,gate_40,196,True,False,2026-05-30 10:01:37.913743,Malaysia,ios,17.2,40,True,Super Player,Low
699366,gate_30,313,True,False,2026-05-14 10:01:37.913743,Vietnam,ios,18.5,30,True,Super Player,Low
715884,gate_30,210,False,False,2026-04-30 10:01:37.913743,Indonesia,android,13.9,30,True,Super Player,Medium
765738,gate_30,209,True,False,2026-06-12 10:01:37.913743,Philippines,ios,16.6,30,True,Super Player,Low
789975,gate_30,490,True,False,2026-06-06 10:01:37.913743,Myanmar,android,14.7,30,True,Super Player,Medium
813532,gate_30,155,True,False,2026-05-15 10:01:37.913743,Vietnam,android,12.8,30,True,Super Player,Medium
833557,gate_30,154,True,False,2026-05-17 10:01:37.913743,Indonesia,ios,14.6,30,True,Super Player,Medium
839533,gate_30,221,True,False,2026-05-26 10:01:37.913743,Vietnam,android,15.1,30,True,Super Player,Low
861154,gate_40,298,True,False,2026-05-05 10:01:37.913743,Vietnam,ios,17.4,40,True,Super Player,Low
869618,gate_30,185,True,False,2026-04-26 10:01:37.913743,Philippines,ios,16.0,30,True,Super Player,Low
888984,gate_30,148,True,False,2026-06-13 10:01:37.913743,Indonesia,ios,14.4,30,True,Super Player,Medium
919430,gate_30,155,True,False,2026-05-17 10:01:37.913743,Vietnam,ios,15.9,30,True,Super Player,Low
942619,gate_30,463,True,False,2026-05-25 10:01:37.913743,Philippines,ios,18.4,30,True,Super Player,Low
946614,gate_40,199,True,False,2026-05-30 10:01:37.913743,Vietnam,android,19.8,40,True,Super Player,Low
959701,gate_30,254,True,False,2026-05-04 10:01:37.913743,Indonesia,android,15.9,30,True,Super Player,Low
984292,gate_30,432,True,False,2026-06-16 10:01:37.913743,Vietnam,android,19.3,30,True,Super Player,Low
985832,gate_30,195,True,False,2026-05-04 10:01:37.913743,Indonesia,ios,16.3,30,True,Super Player,Low
986461,gate_40,210,True,False,2026-05-17 10:01:37.913743,Indonesia,android,16.6,40,True,Super Player,Low
1002299,gate_30,157,True,False,2026-05-14 10:01:37.913743,Singapore,android,13.2,30,True,Super Player,Medium
1011164,gate_30,147,True,False,2026-06-16 10:01:37.913743,Vietnam,android,14.6,30,True,Super Player,Medium
1033718,gate_40,419,True,False,2026-05-04 10:01:37.913743,Indonesia,ios,17.7,40,True,Super Player,Low
1058951,gate_30,149,True,False,2026-06-04 10:01:37.913743,Indonesia,android,13.3,30,True,Super Player,Medium
1086634,gate_30,293,True,False,2026-05-25 10:01:37.913743,Myanmar,ios,18.0,30,True,Super Player,Low
1096975,gate_40,310,True,False,2026-04-22 10:01:37.913743,Vietnam,android,18.5,40,True,Super Player,Low
1121087,gate_40,198,True,False,2026-06-02 10:01:37.913743,Indonesia,android,15.7,40,True,Super Player,Low
1181193,gate_30,177,True,False,2026-05-08 10:01:37.913743,Vietnam,ios,17.3,30,True,Super Player,Low
1188054,gate_30,389,True,False,2026-06-11 10:01:37.913743,Philippines,android,18.5,30,True,Super Player,Low
1210635,gate_30,207,True,False,2026-05-27 10:01:37.913743,Indonesia,android,11.7,30,True,Super Player,Medium
1238384,gate_30,163,True,False,2026-04-27 10:01:37.913743,Singapore,android,16.2,30,True,Super Player,Low
1246304,gate_40,292,True,False,2026-06-08 10:01:37.913743,Indonesia,android,18.6,40,True,Super Player,Low
1343787,gate_40,309,True,False,2026-06-06 10:01:37.913743,Vietnam,android,15.0,40,True,Super Player,Low
1377866,gate_30,182,False,False,2026-05-15 10:01:37.913743,Indonesia,ios,18.3,30,True,Super Player,Low
1390414,gate_30,155,True,False,2026-04-25 10:01:37.913743,Malaysia,ios,14.3,30,True,Super Player,Medium
1406554,gate_30,177,True,False,2026-06-08 10:01:37.913743,Thailand,android,17.8,30,True,Super Player,Low
1416525,gate_30,178,True,False,2026-06-17 10:01:37.913743,Indonesia,android,13.6,30,True,Super Player,Medium
1427753,gate_30,170,True,False,2026-04-26 10:01:37.913743,Thailand,android,17.4,30,True,Super Player,Low
1449086,gate_30,246,True,False,2026-05-25 10:01:37.913743,Singapore,android,21.3,30,True,Super Player,Low
1456859,gate_40,253,True,False,2026-06-01 10:01:37.913743,Vietnam,android,17.3,40,True,Super Player,Low
1463303,gate_40,196,True,False,2026-04-28 10:01:37.913743,Vietnam,android,14.2,40,True,Super Player,Medium
1463833,gate_30,148,True,False,2026-05-23 10:01:37.913743,Indonesia,android,13.0,30,True,Super Player,Medium
1469820,gate_30,575,True,False,2026-05-16 10:01:37.913743,Indonesia,ios,18.0,30,True,Super Player,Low
1495903,gate_40,345,True,False,2026-05-25 10:01:37.913743,Thailand,android,20.2,40,True,Super Player,Low
1523768,gate_30,228,True,False,2026-06-12 10:01:37.913743,Philippines,ios,18.3,30,True,Super Player,Low
1525225,gate_30,170,True,False,2026-05-18 10:01:37.913743,Vietnam,android,18.8,30,True,Super Player,Low
1529100,gate_30,148,True,False,2026-04-26 10:01:37.913743,Indonesia,android,13.4,30,True,Super Player,Medium
1533000,gate_30,186,True,False,2026-04-26 10:01:37.913743,Indonesia,android,19.0,30,True,Super Player,Low
1546520,gate_40,323,False,False,2026-06-07 10:01:37.913743,Indonesia,android,14.5,40,True,Super Player,Medium
1571269,gate_40,528,True,False,2026-05-02 10:01:37.913743,Indonesia,ios,22.1,40,True,Super Player,Low
1573613,gate_30,319,True,False,2026-06-11 10:01:37.913743,Thailand,ios,17.7,30,True,Super Player,Low
1579349,gate_30,242,True,False,2026-06-13 10:01:37.913743,Indonesia,android,15.9,30,True,Super Player,Low
1585299,gate_30,146,True,False,2026-05-11 10:01:37.913743,Singapore,ios,14.4,30,True,Super Player,Medium
1612664,gate_30,147,True,False,2026-05-03 10:01:37.913743,Indonesia,ios,14.4,30,True,Super Player,Medium
1623865,gate_30,296,False,False,2026-05-13 10:01:37.913743,Vietnam,android,21.5,30,True,Super Player,Low
1650635,gate_30,166,True,False,2026-04-24 10:01:37.913743,Malaysia,ios,17.4,30,True,Super Player,Low
1655335,gate_40,230,True,False,2026-06-04 10:01:37.913743,Philippines,android,17.3,40,True,Super Player,Low
1662461,gate_40,331,True,False,2026-05-15 10:01:37.913743,Thailand,android,18.1,40,True,Super Player,Low
1707568,gate_30,255,True,False,2026-06-03 10:01:37.913743,Thailand,android,18.4,30,True,Super Player,Low
1721669,gate_30,145,True,False,2026-05-27 10:01:37.913743,Thailand,android,15.5,30,True,Super Player,Low
1738200,gate_40,196,True,False,2026-06-03 10:01:37.913743,Indonesia,ios,14.0,40,True,Super Player,Medium
1748172,gate_40,336,True,False,2026-05-25 10:01:37.913743,Singapore,ios,17.7,40,True,Super Player,Low
1771445,gate_30,238,True,False,2026-05-01 10:01:37.913743,Vietnam,android,17.6,30,True,Super Player,Low
1775925,gate_30,158,True,False,2026-05-20 10:01:37.913743,Vietnam,android,16.1,30,True,Super Player,Low
1806756,gate_40,288,False,False,2026-04-23 10:01:37.913743,Thailand,ios,18.7,40,True,Super Player,Low
1852323,gate_30,373,False,False,2026-06-03 10:01:37.913743,Vietnam,android,16.2,30,True,Super Player,Low
1860251,gate_30,193,True,False,2026-06-07 10:01:37.913743,Malaysia,ios,15.5,30,True,Super Player,Low
1862624,gate_40,317,True,False,2026-05-08 10:01:37.913743,Philippines,ios,15.6,40,True,Super Player,Low
1881344,gate_30,154,True,False,2026-06-15 10:01:37.913743,Vietnam,android,17.0,30,True,Super Player,Low
1914834,gate_30,192,False,False,2026-06-03 10:01:37.913743,Philippines,ios,16.4,30,True,Super Player,Low
1918468,gate_30,149,True,False,2026-05-25 10:01:37.913743,Thailand,ios,12.0,30,True,Super Player,Medium
1918559,gate_30,164,True,False,2026-05-28 10:01:37.913743,Myanmar,android,16.4,30,True,Super Player,Low
1924256,gate_30,147,True,False,2026-06-13 10:01:37.913743,Indonesia,android,16.2,30,True,Super Player,Low
1937402,gate_30,188,True,False,2026-05-29 10:01:37.913743,Thailand,android,15.4,30,True,Super Player,Low
1939220,gate_30,309,True,False,2026-05-01 10:01:37.913743,Thailand,ios,17.7,30,True,Super Player,Low
1963334,gate_40,489,True,False,2026-06-01 10:01:37.913743,Malaysia,ios,21.6,40,True,Super Player,Low
1969562,gate_30,313,True,False,2026-05-27 10:01:37.913743,Myanmar,android,16.1,30,True,Super Player,Low
2049751,gate_30,193,True,False,2026-06-01 10:01:37.913743,Indonesia,android,14.4,30,True,Super Player,Medium
2054466,gate_30,214,True,False,2026-06-16 10:01:37.913743,Singapore,android,12.1,30,True,Super Player,Medium
2065754,gate_40,209,True,False,2026-06-17 10:01:37.913743,Singapore,android,16.3,40,True,Super Player,Low
2065893,gate_30,145,True,False,2026-06-09 10:01:37.913743,Indonesia,android,13.9,30,True,Super Player,Medium
2112039,gate_40,638,True,False,2026-06-12 10:01:37.913743,Indonesia,android,19.6,40,True,Super Player,Low
2114183,gate_30,323,True,False,2026-05-14 10:01:37.913743,Philippines,android,16.8,30,True,Super Player,Low
2120731,gate_30,219,True,False,2026-05-18 10:01:37.913743,Indonesia,ios,17.7,30,True,Super Player,Low
2135578,gate_30,197,True,False,2026-05-28 10:01:37.913743,Philippines,ios,18.9,30,True,Super Player,Low
2164245,gate_30,212,False,False,2026-05-04 10:01:37.913743,Indonesia,android,17.1,30,True,Super Player,Low
2175172,gate_40,205,True,False,2026-06-03 10:01:37.913743,Philippines,ios,14.6,40,True,Super Player,Medium
2212832,gate_40,263,True,False,2026-05-21 10:01:37.913743,Thailand,android,19.4,40,True,Super Player,Low
2219734,gate_30,161,True,False,2026-04-28 10:01:37.913743,Malaysia,android,15.9,30,True,Super Player,Low
2228812,gate_40,211,True,False,2026-05-08 10:01:37.913743,Vietnam,android,15.3,40,True,Super Player,Low
2263825,gate_30,149,True,False,2026-05-13 10:01:37.913743,Vietnam,android,13.1,30,True,Super Player,Medium
2273667,gate_40,332,True,False,2026-05-06 10:01:37.913743,Indonesia,android,17.7,40,True,Super Player,Low
2308150,gate_30,159,True,False,2026-05-24 10:01:37.913743,Indonesia,ios,12.8,30,True,Super Player,Medium
2311143,gate_30,244,True,False,2026-04-23 10:01:37.913743,Indonesia,ios,16.7,30,True,Super Player,Low
2356530,gate_30,325,True,False,2026-06-02 10:01:37.913743,Philippines,ios,19.8,30,True,Super Player,Low
2384037,gate_30,439,True,False,2026-05-19 10:01:37.913743,Philippines,android,16.2,30,True,Super Player,Low
2384727,gate_40,238,True,False,2026-05-07 10:01:37.913743,Vietnam,android,19.5,40,True,Super Player,Low
2421728,gate_30,185,True,False,2026-05-31 10:01:37.913743,Thailand,ios,15.3,30,True,Super Player,Low
2456494,gate_30,343,True,False,2026-06-06 10:01:37.913743,Vietnam,ios,18.9,30,True,Super Player,Low
2499178,gate_40,238,False,False,2026-05-08 10:01:37.913743,Singapore,android,17.5,40,True,Super Player,Low
2504153,gate_40,203,True,False,2026-05-21 10:01:37.913743,Malaysia,android,14.9,40,True,Super Player,Medium
2521310,gate_40,299,True,False,2026-05-09 10:01:37.913743,Indonesia,android,14.3,40,True,Super Player,Medium
2595361,gate_30,150,True,False,2026-05-01 10:01:37.913743,Malaysia,android,18.9,30,True,Super Player,Low
2652655,gate_30,295,True,False,2026-05-02 10:01:37.913743,Malaysia,android,18.2,30,True,Super Player,Low
2692963,gate_30,161,True,False,2026-05-02 10:01:37.913743,Myanmar,android,12.3,30,True,Super Player,Medium
2695679,gate_30,196,True,False,2026-05-13 10:01:37.913743,Singapore,android,12.0,30,True,Super Player,Medium
2701664,gate_30,153,False,False,2026-05-23 10:01:37.913743,Singapore,ios,16.4,30,True,Super Player,Low
2741353,gate_30,299,True,False,2026-05-25 10:01:37.913743,Vietnam,android,17.8,30,True,Super Player,Low
2757657,gate_40,206,True,False,2026-06-16 10:01:37.913743,Indonesia,ios,16.1,40,True,Super Player,Low
2772185,gate_40,200,True,False,2026-04-21 10:01:37.913743,Indonesia,android,12.6,40,True,Super Player,Medium
2843785,gate_30,149,True,False,2026-05-06 10:01:37.913743,Indonesia,android,15.9,30,True,Super Player,Low
2893127,gate_30,161,True,False,2026-06-05 10:01:37.913743,Philippines,ios,11.9,30,True,Super Player,Medium
2915994,gate_30,208,True,False,2026-06-18 10:01:37.913743,Indonesia,android,16.3,30,True,Super Player,Low
2937674,gate_30,146,True,False,2026-04-20 10:01:37.913743,Indonesia,android,13.4,30,True,Super Player,Medium
3004987,gate_30,189,True,False,2026-06-03 10:01:37.913743,Malaysia,android,15.2,30,True,Super Player,Low
3017861,gate_40,214,True,False,2026-05-07 10:01:37.913743,Vietnam,android,18.0,40,True,Super Player,Low
3026987,gate_30,213,True,False,2026-06-05 10:01:37.913743,Indonesia,android,15.7,30,True,Super Player,Low
3032777,gate_30,214,True,False,2026-05-23 10:01:37.913743,Singapore,android,18.1,30,True,Super Player,Low
3039257,gate_40,271,True,False,2026-04-25 10:01:37.913743,Malaysia,android,15.6,40,True,Super Player,Low
3055985,gate_30,154,True,False,2026-06-17 10:01:37.913743,Vietnam,android,14.1,30,True,Super Player,Medium
3097696,gate_40,323,True,False,2026-06-11 10:01:37.913743,Thailand,android,16.6,40,True,Super Player,Low
3110464,gate_30,398,True,False,2026-06-06 10:01:37.913743,Malaysia,android,20.5,30,True,Super Player,Low
3125717,gate_30,147,True,False,2026-06-07 10:01:37.913743,Cambodia,ios,14.9,30,True,Super Player,Medium
3129883,gate_30,177,True,False,2026-06-13 10:01:37.913743,Vietnam,android,15.2,30,True,Super Player,Low
3132609,gate_40,314,True,False,2026-05-25 10:01:37.913743,Philippines,android,18.8,40,True,Super Player,Low
3134061,gate_30,335,True,False,2026-06-06 10:01:37.913743,Malaysia,android,20.0,30,True,Super Player,Low
3144057,gate_40,277,True,False,2026-06-18 10:01:37.913743,Philippines,android,15.2,40,True,Super Player,Low
3161485,gate_40,359,True,False,2026-06-18 10:01:37.913743,Indonesia,android,15.5,40,True,Super Player,Low
3162722,gate_40,393,True,False,2026-06-18 10:01:37.913743,Thailand,ios,16.1,40,True,Super Player,Low
3185587,gate_40,214,True,False,2026-04-30 10:01:37.913743,Philippines,android,17.3,40,True,Super Player,Low
3190491,gate_30,191,True,False,2026-06-17 10:01:37.913743,Philippines,android,19.4,30,True,Super Player,Low
3224298,gate_30,346,True,False,2026-06-12 10:01:37.913743,Malaysia,android,18.0,30,True,Super Player,Low
3299590,gate_30,149,True,False,2026-06-01 10:01:37.913743,Thailand,android,15.2,30,True,Super Player,Low
3328722,gate_30,219,True,False,2026-05-07 10:01:37.913743,Vietnam,android,18.1,30,True,Super Player,Low
3331263,gate_30,163,True,False,2026-04-27 10:01:37.913743,Vietnam,ios,20.5,30,True,Super Player,Low
3333823,gate_30,188,True,False,2026-04-29 10:01:37.913743,Malaysia,ios,17.0,30,True,Super Player,Low
3384743,gate_30,145,True,False,2026-06-16 10:01:37.913743,Vietnam,android,12.3,30,True,Super Player,Medium
3402213,gate_30,158,True,False,2026-05-14 10:01:37.913743,Philippines,android,16.1,30,True,Super Player,Low
3428656,gate_40,410,True,False,2026-05-06 10:01:37.913743,Malaysia,android,20.1,40,True,Super Player,Low
3433998,gate_30,146,True,False,2026-05-17 10:01:37.913743,Singapore,android,11.3,30,True,Super Player,Medium
3435151,gate_30,167,True,False,2026-05-11 10:01:37.913743,Indonesia,android,15.3,30,True,Super Player,Low
3467218,gate_30,215,True,False,2026-04-20 10:01:37.913743,Indonesia,ios,17.3,30,True,Super Player,Low
3475024,gate_40,516,True,False,2026-05-10 10:01:37.913743,Vietnam,ios,21.3,40,True,Super Player,Low
3484388,gate_40,223,True,False,2026-05-16 10:01:37.913743,Philippines,android,16.1,40,True,Super Player,Low
3488767,gate_40,228,True,False,2026-05-14 10:01:37.913743,Philippines,android,20.0,40,True,Super Player,Low
3489184,gate_30,217,True,False,2026-06-03 10:01:37.913743,Philippines,ios,14.9,30,True,Super Player,Medium
3505900,gate_40,211,True,False,2026-05-20 10:01:37.913743,Indonesia,android,18.6,40,True,Super Player,Low
3508201,gate_40,477,True,False,2026-04-20 10:01:37.913743,Singapore,ios,16.2,40,True,Super Player,Low
3523286,gate_40,603,True,False,2026-05-06 10:01:37.913743,Malaysia,android,15.7,40,True,Super Player,Low
3528126,gate_30,176,True,False,2026-05-04 10:01:37.913743,Vietnam,android,16.3,30,True,Super Player,Low
3542651,gate_30,228,True,False,2026-06-07 10:01:37.913743,Malaysia,android,13.3,30,True,Super Player,Medium
3587167,gate_40,199,True,False,2026-05-20 10:01:37.913743,Cambodia,ios,15.9,40,True,Super Player,Low
3593062,gate_40,402,True,False,2026-05-07 10:01:37.913743,Vietnam,android,20.1,40,True,Super Player,Low
3609694,gate_30,151,True,False,2026-06-15 10:01:37.913743,Indonesia,android,12.8,30,True,Super Player,Medium
3627321,gate_30,281,True,False,2026-04-21 10:01:37.913743,Cambodia,android,15.2,30,True,Super Player,Low
3632719,gate_40,250,True,False,2026-05-13 10:01:37.913743,Indonesia,ios,14.3,40,True,Super Player,Medium
3633045,gate_30,183,True,False,2026-06-03 10:01:37.913743,Indonesia,android,17.8,30,True,Super Player,Low
3638433,gate_30,148,True,False,2026-04-23 10:01:37.913743,Thailand,android,13.8,30,True,Super Player,Medium
3638939,gate_40,204,True,False,2026-05-24 10:01:37.913743,Vietnam,android,15.9,40,True,Super Player,Low
3649507,gate_30,179,True,False,2026-04-29 10:01:37.913743,Myanmar,android,16.5,30,True,Super Player,Low
3650678,gate_30,198,True,False,2026-04-27 10:01:37.913743,Philippines,android,16.8,30,True,Super Player,Low
3667595,gate_40,197,True,False,2026-04-30 10:01:37.913743,Indonesia,ios,19.0,40,True,Super Player,Low
3671539,gate_30,287,True,False,2026-05-02 10:01:37.913743,Indonesia,ios,16.7,30,True,Super Player,Low
3684856,gate_30,165,True,False,2026-05-15 10:01:37.913743,Vietnam,android,14.6,30,True,Super Player,Medium
3696031,gate_30,281,True,False,2026-04-22 10:01:37.913743,Vietnam,android,18.8,30,True,Super Player,Low
3702744,gate_30,328,True,False,2026-05-30 10:01:37.913743,Thailand,android,18.7,30,True,Super Player,Low
3724262,gate_30,434,True,False,2026-05-24 10:01:37.913743,Philippines,android,19.5,30,True,Super Player,Low
3819837,gate_30,147,True,False,2026-05-12 10:01:37.913743,Thailand,android,15.9,30,True,Super Player,Low
3827509,gate_30,146,True,False,2026-04-20 10:01:37.913743,Philippines,android,16.2,30,True,Super Player,Low
3831981,gate_30,187,True,False,2026-06-16 10:01:37.913743,Cambodia,android,17.2,30,True,Super Player,Low
3842533,gate_30,149,True,False,2026-05-27 10:01:37.913743,Indonesia,android,17.0,30,True,Super Player,Low
3863619,gate_40,198,False,False,2026-05-02 10:01:37.913743,Vietnam,android,12.9,40,True,Super Player,Medium
3869957,gate_30,145,False,False,2026-05-09 10:01:37.913743,Indonesia,android,15.4,30,True,Super Player,Low
3909566,gate_40,425,False,False,2026-05-04 10:01:37.913743,Myanmar,android,16.3,40,True,Super Player,Low
3911257,gate_30,435,True,False,2026-06-06 10:01:37.913743,Thailand,android,20.2,30,True,Super Player,Low
3925012,gate_30,173,True,False,2026-05-26 10:01:37.913743,Thailand,android,16.7,30,True,Super Player,Low
3926925,gate_40,307,True,False,2026-06-17 10:01:37.913743,Philippines,android,16.2,40,True,Super Player,Low
3935295,gate_40,504,True,False,2026-06-14 10:01:37.913743,Vietnam,android,18.5,40,True,Super Player,Low
3938051,gate_30,157,False,False,2026-04-28 10:01:37.913743,Cambodia,ios,19.7,30,True,Super Player,Low
3943357,gate_40,217,True,False,2026-05-17 10:01:37.913743,Malaysia,android,17.2,40,True,Super Player,Low
3947777,gate_30,160,False,False,2026-05-21 10:01:37.913743,Philippines,android,14.6,30,True,Super Player,Medium
3967193,gate_40,196,True,False,2026-05-20 10:01:37.913743,Indonesia,ios,16.1,40,True,Super Player,Low
4117864,gate_40,219,True,False,2026-06-17 10:01:37.913743,Thailand,android,18.5,40,True,Super Player,Low
4124082,gate_30,160,True,False,2026-06-10 10:01:37.913743,Indonesia,ios,12.5,30,True,Super Player,Medium
4141124,gate_40,248,True,False,2026-05-18 10:01:37.913743,Indonesia,android,18.2,40,True,Super Player,Low
4171901,gate_30,200,True,False,2026-04-28 10:01:37.913743,Myanmar,ios,14.7,30,True,Super Player,Medium
4175728,gate_40,198,False,False,2026-05-15 10:01:37.913743,Indonesia,android,17.3,40,True,Super Player,Low
4179074,gate_30,222,True,False,2026-05-21 10:01:37.913743,Malaysia,android,15.0,30,True,Super Player,Low
4200856,gate_30,226,True,False,2026-05-04 10:01:37.913743,Indonesia,ios,14.1,30,True,Super Player,Medium
4201668,gate_30,148,False,False,2026-06-01 10:01:37.913743,Vietnam,android,14.7,30,True,Super Player,Medium
4204855,gate_30,268,True,False,2026-06-06 10:01:37.913743,Indonesia,ios,16.8,30,True,Super Player,Low
4225190,gate_30,196,True,False,2026-05-01 10:01:37.913743,Thailand,android,15.5,30,True,Super Player,Low
4228963,gate_30,171,True,False,2026-06-18 10:01:37.913743,Philippines,android,13.2,30,True,Super Player,Medium
4231146,gate_40,213,True,False,2026-04-30 10:01:37.913743,Philippines,ios,15.0,40,True,Super Player,Low
4242863,gate_40,228,True,False,2026-04-29 10:01:37.913743,Vietnam,android,17.4,40,True,Super Player,Low
4288572,gate_40,197,True,False,2026-05-26 10:01:37.913743,Thailand,android,14.4,40,True,Super Player,Medium
4342461,gate_40,202,True,False,2026-04-28 10:01:37.913743,Thailand,ios,13.6,40,True,Super Player,Medium
4354569,gate_30,170,True,False,2026-04-24 10:01:37.913743,Vietnam,ios,13.8,30,True,Super Player,Medium
4370229,gate_40,199,True,False,2026-05-10 10:01:37.913743,Vietnam,ios,18.9,40,True,Super Player,Low
4386322,gate_30,147,True,False,2026-05-08 10:01:37.913743,Indonesia,ios,16.3,30,True,Super Player,Low
4409680,gate_30,530,True,False,2026-06-11 10:01:37.913743,Malaysia,android,17.5,30,True,Super Player,Low
4413265,gate_30,318,True,False,2026-05-24 10:01:37.913743,Indonesia,ios,20.0,30,True,Super Player,Low
4427134,gate_30,651,True,False,2026-04-27 10:01:37.913743,Indonesia,android,17.6,30,True,Super Player,Low
4437622,gate_30,158,False,False,2026-06-04 10:01:37.913743,Indonesia,android,15.2,30,True,Super Player,Low
4472694,gate_40,206,True,False,2026-05-30 10:01:37.913743,Malaysia,ios,19.1,40,True,Super Player,Low
4484474,gate_30,160,True,False,2026-04-24 10:01:37.913743,Vietnam,android,17.3,30,True,Super Player,Low
4505342,gate_30,224,True,False,2026-06-16 10:01:37.913743,Indonesia,android,15.8,30,True,Super Player,Low
4546094,gate_40,195,True,False,2026-05-16 10:01:37.913743,Thailand,android,12.0,40,True,Super Player,Medium
4554921,gate_30,145,True,False,2026-05-30 10:01:37.913743,Philippines,ios,17.0,30,True,Super Player,Low
4575998,gate_30,159,True,False,2026-04-29 10:01:37.913743,Philippines,android,16.5,30,True,Super Player,Low
4599518,gate_30,320,True,False,2026-05-05 10:01:37.913743,Vietnam,android,15.5,30,True,Super Player,Low
4607454,gate_30,219,True,False,2026-05-10 10:01:37.913743,Philippines,android,15.3,30,True,Super Player,Low
4616412,gate_40,235,True,False,2026-06-08 10:01:37.913743,Indonesia,android,13.6,40,True,Super Player,Medium
4620470,gate_40,244,True,False,2026-05-20 10:01:37.913743,Indonesia,android,16.4,40,True,Super Player,Low
4621054,gate_30,203,True,False,2026-06-03 10:01:37.913743,Cambodia,android,18.1,30,True,Super Player,Low
4633859,gate_30,338,True,False,2026-06-03 10:01:37.913743,Indonesia,android,16.1,30,True,Super Player,Low
4664257,gate_40,268,True,False,2026-05-20 10:01:37.913743,Thailand,ios,19.4,40,True,Super Player,Low
4668397,gate_40,227,True,False,2026-06-07 10:01:37.913743,Myanmar,ios,16.0,40,True,Super Player,Low
4702454,gate_30,201,True,False,2026-04-26 10:01:37.913743,Philippines,android,20.0,30,True,Super Player,Low
4723630,gate_30,180,True,False,2026-05-08 10:01:37.913743,Malaysia,ios,11.8,30,True,Super Player,Medium
4799902,gate_40,274,True,False,2026-05-20 10:01:37.913743,Philippines,ios,17.4,40,True,Super Player,Low
4801029,gate_30,146,True,False,2026-05-17 10:01:37.913743,Malaysia,android,17.8,30,True,Super Player,Low
4836021,gate_40,195,True,False,2026-05-18 10:01:37.913743,Vietnam,android,15.8,40,True,Super Player,Low
4861988,gate_30,192,True,False,2026-05-25 10:01:37.913743,Vietnam,android,18.2,30,True,Super Player,Low
4866035,gate_30,147,True,False,2026-06-14 10:01:37.913743,Vietnam,android,12.5,30,True,Super Player,Medium
4871609,gate_30,198,True,False,2026-05-24 10:01:37.913743,Indonesia,android,14.4,30,True,Super Player,Medium
4879813,gate_30,200,False,False,2026-05-26 10:01:37.913743,Indonesia,ios,16.4,30,True,Super Player,Low
4916803,gate_30,148,True,False,2026-06-15 10:01:37.913743,Thailand,android,16.8,30,True,Super Player,Low
4923315,gate_30,293,True,False,2026-04-23 10:01:37.913743,Vietnam,android,17.4,30,True,Super Player,Low
4948999,gate_40,234,True,False,2026-04-21 10:01:37.913743,Indonesia,ios,15.4,40,True,Super Player,Low
4949674,gate_40,402,True,False,2026-04-27 10:01:37.913743,Malaysia,ios,19.0,40,True,Super Player,Low
4966837,gate_30,282,True,False,2026-05-13 10:01:37.913743,Indonesia,ios,15.1,30,True,Super Player,Low
4968809,gate_30,159,True,False,2026-06-10 10:01:37.913743,Cambodia,android,14.9,30,True,Super Player,Medium
4976837,gate_30,146,True,False,2026-05-03 10:01:37.913743,Indonesia,android,14.9,30,True,Super Player,Medium
4992334,gate_30,146,True,False,2026-06-08 10:01:37.913743,Malaysia,android,13.6,30,True,Super Player,Medium
5003260,gate_30,275,True,False,2026-04-22 10:01:37.913743,Myanmar,android,14.7,30,True,Super Player,Medium
5010837,gate_40,385,True,False,2026-05-21 10:01:37.913743,Indonesia,ios,17.4,40,True,Super Player,Low
5064115,gate_30,161,True,False,2026-06-02 10:01:37.913743,Vietnam,android,16.8,30,True,Super Player,Low
5085310,gate_30,149,True,False,2026-05-17 10:01:37.913743,Philippines,android,14.0,30,True,Super Player,Medium
5094755,gate_30,147,True,False,2026-05-20 10:01:37.913743,Thailand,android,16.2,30,True,Super Player,Low
5097624,gate_30,208,True,False,2026-05-13 10:01:37.913743,Vietnam,ios,13.9,30,True,Super Player,Medium
5189660,gate_30,168,True,False,2026-06-04 10:01:37.913743,Vietnam,android,15.8,30,True,Super Player,Low
5209772,gate_40,1074,True,False,2026-06-14 10:01:37.913743,Indonesia,android,19.4,40,True,Super Player,Low
5216432,gate_30,169,True,False,2026-05-07 10:01:37.913743,Thailand,android,16.0,30,True,Super Player,Low
5222077,gate_30,148,True,False,2026-04-21 10:01:37.913743,Myanmar,android,16.1,30,True,Super Player,Low
5290489,gate_30,164,False,False,2026-06-07 10:01:37.913743,Indonesia,android,15.4,30,True,Super Player,Low
5305909,gate_30,147,True,False,2026-05-20 10:01:37.913743,Thailand,android,17.5,30,True,Super Player,Low
5327866,gate_30,165,False,False,2026-06-06 10:01:37.913743,Indonesia,android,15.5,30,True,Super Player,Low
5340785,gate_30,230,True,False,2026-05-09 10:01:37.913743,Thailand,android,18.0,30,True,Super Player,Low
5364388,gate_40,246,True,False,2026-06-08 10:01:37.913743,Malaysia,ios,15.6,40,True,Super Player,Low
5372031,gate_30,171,True,False,2026-05-12 10:01:37.913743,Vietnam,android,15.6,30,True,Super Player,Low
5375763,gate_30,149,True,False,2026-06-08 10:01:37.913743,Cambodia,ios,14.6,30,True,Super Player,Medium
5376963,gate_30,263,True,False,2026-04-20 10:01:37.913743,Philippines,android,22.1,30,True,Super Player,Low
5403380,gate_30,199,False,False,2026-05-31 10:01:37.913743,Vietnam,ios,12.2,30,True,Super Player,Medium
5405228,gate_40,257,True,False,2026-05-25 10:01:37.913743,Vietnam,ios,18.3,40,True,Super Player,Low
5422943,gate_40,233,True,False,2026-06-15 10:01:37.913743,Malaysia,ios,17.6,40,True,Super Player,Low
5494711,gate_30,182,True,False,2026-06-14 10:01:37.913743,Indonesia,android,15.4,30,True,Super Player,Low
5533299,gate_30,194,True,False,2026-06-17 10:01:37.913743,Thailand,android,17.3,30,True,Super Player,Low
5537308,gate_40,279,True,False,2026-05-26 10:01:37.913743,Malaysia,ios,16.7,40,True,Super Player,Low
5554974,gate_30,326,True,False,2026-04-29 10:01:37.913743,Thailand,android,13.7,30,True,Super Player,Medium
5556609,gate_30,154,True,False,2026-05-27 10:01:37.913743,Vietnam,android,14.7,30,True,Super Player,Medium
5598859,gate_40,234,True,False,2026-06-17 10:01:37.913743,Malaysia,android,14.9,40,True,Super Player,Medium
5612611,gate_30,153,False,False,2026-05-03 10:01:37.913743,Philippines,ios,19.9,30,True,Super Player,Low
5617372,gate_40,338,True,False,2026-06-10 10:01:37.913743,Indonesia,android,19.2,40,True,Super Player,Low
5686452,gate_30,184,True,False,2026-06-07 10:01:37.913743,Vietnam,android,18.0,30,True,Super Player,Low
5703534,gate_40,254,True,False,2026-06-13 10:01:37.913743,Vietnam,android,13.2,40,True,Super Player,Medium
5712142,gate_40,230,True,False,2026-06-04 10:01:37.913743,Indonesia,android,15.4,40,True,Super Player,Low
5745088,gate_40,228,True,False,2026-05-06 10:01:37.913743,Malaysia,android,15.8,40,True,Super Player,Low
5758196,gate_40,242,True,False,2026-05-19 10:01:37.913743,Thailand,android,16.0,40,True,Super Player,Low
5768569,gate_30,147,True,False,2026-05-11 10:01:37.913743,Indonesia,ios,14.7,30,True,Super Player,Medium
5790603,gate_40,265,True,False,2026-06-01 10:01:37.913743,Vietnam,android,17.1,40,True,Super Player,Low
5800964,gate_30,158,True,False,2026-04-22 10:01:37.913743,Indonesia,android,14.6,30,True,Super Player,Medium
5807295,gate_30,148,True,False,2026-05-27 10:01:37.913743,Indonesia,android,17.7,30,True,Super Player,Low
5823294,gate_30,145,False,False,2026-05-05 10:01:37.913743,Philippines,ios,13.7,30,True,Super Player,Medium
5850875,gate_30,205,True,False,2026-04-21 10:01:37.913743,Indonesia,android,16.7,30,True,Super Player,Low
5853195,gate_30,175,True,False,2026-05-01 10:01:37.913743,Indonesia,android,12.6,30,True,Super Player,Medium
5895104,gate_30,156,False,False,2026-05-12 10:01:37.913743,Philippines,android,14.5,30,True,Super Player,Medium
5944468,gate_30,148,True,False,2026-05-25 10:01:37.913743,Malaysia,ios,15.8,30,True,Super Player,Low
5947044,gate_30,229,True,False,2026-04-28 10:01:37.913743,Thailand,android,17.5,30,True,Super Player,Low
5953465,gate_40,388,True,False,2026-04-23 10:01:37.913743,Philippines,android,19.1,40,True,Super Player,Low
5962994,gate_30,213,True,False,2026-05-15 10:01:37.913743,Indonesia,android,14.4,30,True,Super Player,Medium
5978905,gate_40,246,True,False,2026-05-29 10:01:37.913743,Indonesia,android,15.5,40,True,Super Player,Low
6013925,gate_30,168,True,False,2026-05-18 10:01:37.913743,Cambodia,ios,16.7,30,True,Super Player,Low
6148552,gate_40,566,True,False,2026-05-19 10:01:37.913743,Indonesia,android,18.5,40,True,Super Player,Low
6231580,gate_30,149,True,False,2026-05-06 10:01:37.913743,Indonesia,android,13.6,30,True,Super Player,Medium
6235957,gate_30,245,True,False,2026-05-21 10:01:37.913743,Indonesia,android,18.4,30,True,Super Player,Low
6256012,gate_40,432,True,False,2026-05-04 10:01:37.913743,Cambodia,android,17.8,40,True,Super Player,Low
6265112,gate_30,148,True,False,2026-05-02 10:01:37.913743,Philippines,android,15.1,30,True,Super Player,Low
6287394,gate_30,264,True,False,2026-05-28 10:01:37.913743,Malaysia,android,17.0,30,True,Super Player,Low
6330172,gate_40,196,True,False,2026-05-29 10:01:37.913743,Singapore,ios,16.0,40,True,Super Player,Low
6335013,gate_30,158,True,False,2026-04-27 10:01:37.913743,Indonesia,android,15.2,30,True,Super Player,Low
6349525,gate_40,281,True,False,2026-05-06 10:01:37.913743,Thailand,ios,17.7,40,True,Super Player,Low
6363628,gate_30,264,True,False,2026-05-17 10:01:37.913743,Indonesia,android,18.9,30,True,Super Player,Low
6365046,gate_30,220,True,False,2026-06-11 10:01:37.913743,Vietnam,android,13.3,30,True,Super Player,Medium
6393005,gate_30,167,True,False,2026-05-29 10:01:37.913743,Vietnam,android,13.1,30,True,Super Player,Medium
6393121,gate_40,196,True,False,2026-06-08 10:01:37.913743,Thailand,ios,19.1,40,True,Super Player,Low
6411056,gate_30,307,True,False,2026-05-29 10:01:37.913743,Thailand,android,16.0,30,True,Super Player,Low
6417250,gate_30,221,True,False,2026-06-13 10:01:37.913743,Thailand,android,12.4,30,True,Super Player,Medium
6421949,gate_30,181,True,False,2026-06-10 10:01:37.913743,Indonesia,android,13.0,30,True,Super Player,Medium
6432725,gate_30,194,True,False,2026-04-26 10:01:37.913743,Philippines,android,16.0,30,True,Super Player,Low
6436444,gate_40,287,True,False,2026-04-27 10:01:37.913743,Indonesia,android,16.8,40,True,Super Player,Low
6454148,gate_30,155,True,False,2026-05-18 10:01:37.913743,Indonesia,android,14.7,30,True,Super Player,Medium
6573592,gate_40,223,True,False,2026-05-25 10:01:37.913743,Malaysia,ios,17.5,40,True,Super Player,Low
6619823,gate_40,213,True,False,2026-05-08 10:01:37.913743,Thailand,android,13.4,40,True,Super Player,Medium
6633991,gate_30,189,True,False,2026-05-20 10:01:37.913743,Philippines,android,18.3,30,True,Super Player,Low
6661553,gate_30,227,True,False,2026-05-25 10:01:37.913743,Cambodia,android,17.6,30,True,Super Player,Low
6666616,gate_30,164,True,False,2026-05-11 10:01:37.913743,Indonesia,android,14.3,30,True,Super Player,Medium
6680494,gate_30,240,True,False,2026-04-21 10:01:37.913743,Thailand,android,16.2,30,True,Super Player,Low
6694633,gate_30,302,True,False,2026-05-05 10:01:37.913743,Indonesia,android,19.5,30,True,Super Player,Low
6714960,gate_30,184,True,False,2026-04-20 10:01:37.913743,Indonesia,ios,14.0,30,True,Super Player,Medium
6734732,gate_30,198,True,False,2026-05-20 10:01:37.913743,Vietnam,ios,10.1,30,True,Super Player,Medium
6762769,gate_30,169,True,False,2026-05-13 10:01:37.913743,Indonesia,android,15.3,30,True,Super Player,Low
6818151,gate_40,292,True,False,2026-06-11 10:01:37.913743,Vietnam,android,18.2,40,True,Super Player,Low
6827843,gate_30,187,True,False,2026-04-27 10:01:37.913743,Myanmar,ios,13.2,30,True,Super Player,Medium
6828436,gate_30,460,True,False,2026-05-04 10:01:37.913743,Vietnam,android,18.8,30,True,Super Player,Low
6847927,gate_30,195,True,False,2026-04-21 10:01:37.913743,Thailand,android,16.2,30,True,Super Player,Low
6850094,gate_40,197,True,False,2026-06-08 10:01:37.913743,Singapore,android,15.6,40,True,Super Player,Low
6868225,gate_40,375,True,False,2026-04-25 10:01:37.913743,Singapore,android,17.2,40,True,Super Player,Low
6870680,gate_30,219,True,False,2026-05-03 10:01:37.913743,Philippines,ios,13.4,30,True,Super Player,Medium
6875998,gate_30,164,True,False,2026-05-16 10:01:37.913743,Indonesia,android,17.1,30,True,Super Player,Low
6884234,gate_30,179,True,False,2026-05-07 10:01:37.913743,Indonesia,android,18.1,30,True,Super Player,Low
6939221,gate_30,148,False,False,2026-05-05 10:01:37.913743,Myanmar,android,20.8,30,True,Super Player,Low
6942084,gate_30,161,True,False,2026-05-31 10:01:37.913743,Malaysia,android,15.5,30,True,Super Player,Low
6958012,gate_30,175,True,False,2026-06-11 10:01:37.913743,Indonesia,android,17.5,30,True,Super Player,Low
6960784,gate_30,161,True,False,2026-05-15 10:01:37.913743,Indonesia,android,13.7,30,True,Super Player,Medium
6976001,gate_40,205,False,False,2026-06-18 10:01:37.913743,Vietnam,ios,16.4,40,True,Super Player,Low
6986256,gate_40,198,True,False,2026-04-29 10:01:37.913743,Indonesia,ios,15.5,40,True,Super Player,Low
6996716,gate_40,330,True,False,2026-05-27 10:01:37.913743,Vietnam,android,20.2,40,True,Super Player,Low
7025458,gate_30,717,True,False,2026-06-06 10:01:37.913743,Indonesia,android,21.4,30,True,Super Player,Low
7039040,gate_30,174,True,False,2026-05-25 10:01:37.913743,Myanmar,android,17.1,30,True,Super Player,Low
7082874,gate_30,155,True,False,2026-05-10 10:01:37.913743,Singapore,android,14.0,30,True,Super Player,Medium
7083780,gate_30,154,True,False,2026-06-15 10:01:37.913743,Indonesia,android,11.9,30,True,Super Player,Medium
7121602,gate_30,315,True,False,2026-04-25 10:01:37.913743,Singapore,ios,19.8,30,True,Super Player,Low
7143686,gate_30,177,True,False,2026-04-29 10:01:37.913743,Indonesia,android,16.2,30,True,Super Player,Low
7163920,gate_40,219,True,False,2026-05-17 10:01:37.913743,Vietnam,android,13.5,40,True,Super Player,Medium
7194902,gate_40,228,True,False,2026-06-14 10:01:37.913743,Vietnam,android,17.1,40,True,Super Player,Low
7196571,gate_30,302,True,False,2026-05-05 10:01:37.913743,Myanmar,ios,20.1,30,True,Super Player,Low
7238834,gate_30,155,True,False,2026-06-05 10:01:37.913743,Vietnam,android,12.2,30,True,Super Player,Medium
7264058,gate_40,337,True,False,2026-05-24 10:01:37.913743,Philippines,ios,14.8,40,True,Super Player,Medium
7285442,gate_30,166,True,False,2026-05-26 10:01:37.913743,Thailand,android,15.4,30,True,Super Player,Low
7297214,gate_30,240,True,False,2026-05-10 10:01:37.913743,Vietnam,ios,16.4,30,True,Super Player,Low
7303033,gate_40,281,False,False,2026-06-07 10:01:37.913743,Vietnam,android,18.3,40,True,Super Player,Low
7343453,gate_30,306,True,False,2026-06-09 10:01:37.913743,Cambodia,android,14.9,30,True,Super Player,Medium
7367165,gate_40,333,True,False,2026-06-07 10:01:37.913743,Indonesia,android,17.6,40,True,Super Player,Low
7385353,gate_30,286,True,False,2026-04-22 10:01:37.913743,Philippines,ios,17.5,30,True,Super Player,Low
7424194,gate_30,185,True,False,2026-05-04 10:01:37.913743,Indonesia,android,12.9,30,True,Super Player,Medium
7428978,gate_30,192,True,False,2026-05-22 10:01:37.913743,Indonesia,android,17.1,30,True,Super Player,Low
7430805,gate_30,177,True,False,2026-06-02 10:01:37.913743,Thailand,android,9.3,30,True,Super Player,Medium
7483776,gate_40,317,True,False,2026-04-29 10:01:37.913743,Indonesia,android,15.8,40,True,Super Player,Low
7489723,gate_30,157,True,False,2026-06-14 10:01:37.913743,Malaysia,android,15.5,30,True,Super Player,Low
7496335,gate_40,200,True,False,2026-05-07 10:01:37.913743,Vietnam,android,17.9,40,True,Super Player,Low
7511002,gate_30,217,True,False,2026-06-09 10:01:37.913743,Philippines,android,16.2,30,True,Super Player,Low
7557631,gate_30,157,False,False,2026-04-21 10:01:37.913743,Philippines,ios,14.0,30,True,Super Player,Medium
7566376,gate_30,245,True,False,2026-05-04 10:01:37.913743,Vietnam,ios,15.9,30,True,Super Player,Low
7575602,gate_30,286,True,False,2026-04-21 10:01:37.913743,Philippines,android,19.9,30,True,Super Player,Low
7584316,gate_30,232,True,False,2026-05-12 10:01:37.913743,Indonesia,android,22.3,30,True,Super Player,Low
7585905,gate_40,210,True,False,2026-06-06 10:01:37.913743,Vietnam,android,14.8,40,True,Super Player,Medium
7618857,gate_30,218,True,False,2026-05-20 10:01:37.913743,Philippines,ios,20.9,30,True,Super Player,Low
7629136,gate_30,218,True,False,2026-06-08 10:01:37.913743,Malaysia,ios,17.0,30,True,Super Player,Low
7672521,gate_30,164,True,False,2026-06-11 10:01:37.913743,Vietnam,android,12.7,30,True,Super Player,Medium
7689516,gate_30,153,True,False,2026-05-09 10:01:37.913743,Indonesia,ios,17.1,30,True,Super Player,Low
7710147,gate_30,276,True,False,2026-05-21 10:01:37.913743,Philippines,android,19.4,30,True,Super Player,Low
7722989,gate_30,355,True,False,2026-05-31 10:01:37.913743,Indonesia,android,17.9,30,True,Super Player,Low
7729436,gate_30,185,True,False,2026-06-04 10:01:37.913743,Vietnam,android,14.7,30,True,Super Player,Medium
7799498,gate_30,145,True,False,2026-04-25 10:01:37.913743,Myanmar,android,16.0,30,True,Super Player,Low
7881652,gate_30,151,True,False,2026-05-10 10:01:37.913743,Indonesia,android,16.6,30,True,Super Player,Low
7895846,gate_40,200,True,False,2026-06-13 10:01:37.913743,Philippines,ios,19.6,40,True,Super Player,Low
7941456,gate_40,302,False,False,2026-05-09 10:01:37.913743,Philippines,android,16.7,40,True,Super Player,Low
7948232,gate_40,211,True,False,2026-06-17 10:01:37.913743,Indonesia,android,13.5,40,True,Super Player,Medium
7967034,gate_40,257,True,False,2026-05-09 10:01:37.913743,Thailand,android,14.0,40,True,Super Player,Medium
8009468,gate_30,221,True,False,2026-05-05 10:01:37.913743,Malaysia,ios,19.1,30,True,Super Player,Low
8021578,gate_30,287,True,False,2026-04-22 10:01:37.913743,Thailand,android,12.4,30,True,Super Player,Medium
8075165,gate_30,162,True,False,2026-06-15 10:01:37.913743,Myanmar,android,11.8,30,True,Super Player,Medium
8080616,gate_30,164,True,False,2026-05-25 10:01:37.913743,Cambodia,android,16.0,30,True,Super Player,Low
8105961,gate_40,204,True,False,2026-06-06 10:01:37.913743,Indonesia,android,15.8,40,True,Super Player,Low
8161136,gate_30,234,True,False,2026-06-11 10:01:37.913743,Indonesia,android,14.0,30,True,Super Player,Medium
8178371,gate_30,156,True,False,2026-04-28 10:01:37.913743,Indonesia,android,18.4,30,True,Super Player,Low
8186635,gate_30,149,True,False,2026-04-21 10:01:37.913743,Indonesia,android,15.3,30,True,Super Player,Low
8203107,gate_40,208,True,False,2026-04-28 10:01:37.913743,Indonesia,ios,15.8,40,True,Super Player,Low
8227163,gate_40,272,True,False,2026-06-18 10:01:37.913743,Indonesia,android,17.5,40,True,Super Player,Low
8331775,gate_40,258,True,False,2026-05-27 10:01:37.913743,Singapore,android,16.3,40,True,Super Player,Low
8368798,gate_40,196,True,False,2026-06-08 10:01:37.913743,Thailand,ios,14.8,40,True,Super Player,Medium
8380128,gate_30,228,False,False,2026-05-02 10:01:37.913743,Malaysia,android,16.0,30,True,Super Player,Low
8406898,gate_30,148,True,False,2026-05-03 10:01:37.913743,Singapore,ios,14.7,30,True,Super Player,Medium
8414858,gate_30,198,True,False,2026-05-17 10:01:37.913743,Malaysia,ios,16.0,30,True,Super Player,Low
8468339,gate_30,218,True,False,2026-05-13 10:01:37.913743,Indonesia,android,16.4,30,True,Super Player,Low
8481867,gate_30,242,True,False,2026-05-03 10:01:37.913743,Myanmar,android,14.6,30,True,Super Player,Medium
8492696,gate_30,228,True,False,2026-06-13 10:01:37.913743,Thailand,ios,13.6,30,True,Super Player,Medium
8496736,gate_30,234,True,False,2026-05-23 10:01:37.913743,Thailand,ios,17.7,30,True,Super Player,Low
8522371,gate_40,310,True,False,2026-04-30 10:01:37.913743,Vietnam,ios,16.8,40,True,Super Player,Low
8531407,gate_30,246,True,False,2026-05-14 10:01:37.913743,Malaysia,android,19.5,30,True,Super Player,Low
8559963,gate_30,153,True,False,2026-06-14 10:01:37.913743,Philippines,ios,14.7,30,True,Super Player,Medium
8581807,gate_30,272,True,False,2026-06-17 10:01:37.913743,Vietnam,ios,16.4,30,True,Super Player,Low
8597770,gate_40,201,True,False,2026-05-07 10:01:37.913743,Indonesia,android,12.6,40,True,Super Player,Medium
8598527,gate_30,368,True,False,2026-05-30 10:01:37.913743,Thailand,android,16.2,30,True,Super Player,Low
8601814,gate_40,208,True,False,2026-04-21 10:01:37.913743,Vietnam,ios,18.6,40,True,Super Player,Low
8617343,gate_30,154,True,False,2026-06-06 10:01:37.913743,Thailand,android,17.3,30,True,Super Player,Low
8665412,gate_40,328,True,False,2026-06-02 10:01:37.913743,Indonesia,ios,15.4,40,True,Super Player,Low
8674481,gate_30,214,False,False,2026-05-06 10:01:37.913743,Indonesia,ios,16.4,30,True,Super Player,Low
8713207,gate_30,191,True,False,2026-06-18 10:01:37.913743,Philippines,android,16.7,30,True,Super Player,Low
8740867,gate_40,388,True,False,2026-05-11 10:01:37.913743,Indonesia,android,20.2,40,True,Super Player,Low
8809412,gate_30,158,True,False,2026-06-11 10:01:37.913743,Indonesia,ios,12.6,30,True,Super Player,Medium
8826084,gate_30,158,True,False,2026-05-27 10:01:37.913743,Vietnam,android,11.4,30,True,Super Player,Medium
8830710,gate_40,201,True,False,2026-05-04 10:01:37.913743,Malaysia,ios,21.0,40,True,Super Player,Low
8843565,gate_30,149,True,False,2026-06-01 10:01:37.913743,Myanmar,android,17.0,30,True,Super Player,Low
8848992,gate_40,313,True,False,2026-05-28 10:01:37.913743,Vietnam,android,17.7,40,True,Super Player,Low
8878831,gate_30,181,True,False,2026-05-18 10:01:37.913743,Malaysia,android,15.2,30,True,Super Player,Low
8903187,gate_30,172,True,False,2026-05-01 10:01:37.913743,Singapore,android,14.8,30,True,Super Player,Medium
8927785,gate_40,199,True,False,2026-05-15 10:01:37.913743,Malaysia,ios,15.2,40,True,Super Player,Low
8950724,gate_30,146,True,False,2026-06-16 10:01:37.913743,Thailand,ios,16.2,30,True,Super Player,Low
8956532,gate_30,147,True,False,2026-05-17 10:01:37.913743,Indonesia,ios,11.4,30,True,Super Player,Medium
9015921,gate_40,203,True,False,2026-05-06 10:01:37.913743,Indonesia,ios,14.7,40,True,Super Player,Medium
9018135,gate_30,309,True,False,2026-05-18 10:01:37.913743,Thailand,android,16.3,30,True,Super Player,Low
9033684,gate_30,146,True,False,2026-06-16 10:01:37.913743,Vietnam,android,13.7,30,True,Super Player,Medium
9035468,gate_30,147,True,False,2026-06-15 10:01:37.913743,Malaysia,android,17.7,30,True,Super Player,Low
9054235,gate_30,159,True,False,2026-04-23 10:01:37.913743,Myanmar,android,17.1,30,True,Super Player,Low
9100088,gate_30,191,True,False,2026-04-30 10:01:37.913743,Philippines,ios,19.5,30,True,Super Player,Low
9115240,gate_30,195,True,False,2026-04-25 10:01:37.913743,Thailand,ios,13.7,30,True,Super Player,Medium
9116035,gate_40,241,True,False,2026-04-26 10:01:37.913743,Thailand,android,17.7,40,True,Super Player,Low
9123805,gate_40,243,False,False,2026-06-12 10:01:37.913743,Thailand,android,15.3,40,True,Super Player,Low
9139510,gate_30,454,True,False,2026-05-14 10:01:37.913743,Vietnam,android,19.6,30,True,Super Player,Low
9147906,gate_40,225,True,False,2026-05-22 10:01:37.913743,Indonesia,android,16.9,40,True,Super Player,Low
9154126,gate_40,243,True,False,2026-05-29 10:01:37.913743,Philippines,android,15.2,40,True,Super Player,Low
9162897,gate_30,149,True,False,2026-05-16 10:01:37.913743,Vietnam,android,13.8,30,True,Super Player,Medium
9166609,gate_30,147,True,False,2026-05-31 10:01:37.913743,Malaysia,android,11.7,30,True,Super Player,Medium
9193971,gate_30,240,True,False,2026-05-18 10:01:37.913743,Indonesia,ios,17.4,30,True,Super Player,Low
9222748,gate_30,147,True,False,2026-05-25 10:01:37.913743,Vietnam,ios,15.6,30,True,Super Player,Low
9233264,gate_30,152,True,False,2026-06-03 10:01:37.913743,Malaysia,android,15.0,30,True,Super Player,Low
9236626,gate_40,205,True,False,2026-05-24 10:01:37.913743,Indonesia,ios,11.4,40,True,Super Player,Medium
9272343,gate_40,212,True,False,2026-05-10 10:01:37.913743,Vietnam,android,15.0,40,True,Super Player,Low
9276719,gate_30,160,True,False,2026-06-08 10:01:37.913743,Indonesia,android,14.5,30,True,Super Player,Medium
9282510,gate_30,240,True,False,2026-05-08 10:01:37.913743,Indonesia,ios,16.6,30,True,Super Player,Low
9302841,gate_30,173,True,False,2026-05-22 10:01:37.913743,Singapore,android,16.0,30,True,Super Player,Low
9306257,gate_40,236,True,False,2026-06-03 10:01:37.913743,Philippines,android,20.5,40,True,Super Player,Low
9312348,gate_30,373,True,False,2026-05-23 10:01:37.913743,Indonesia,android,18.3,30,True,Super Player,Low
9346337,gate_30,146,True,False,2026-05-03 10:01:37.913743,Indonesia,ios,16.7,30,True,Super Player,Low
9386709,gate_30,165,True,False,2026-05-29 10:01:37.913743,Indonesia,ios,11.7,30,True,Super Player,Medium
9420145,gate_30,193,True,False,2026-05-01 10:01:37.913743,Thailand,android,19.5,30,True,Super Player,Low
9460187,gate_30,148,True,False,2026-04-26 10:01:37.913743,Philippines,android,18.7,30,True,Super Player,Low
9492766,gate_40,225,True,False,2026-05-03 10:01:37.913743,Indonesia,android,14.2,40,True,Super Player,Medium
9503363,gate_40,220,True,False,2026-06-18 10:01:37.913743,Malaysia,android,16.7,40,True,Super Player,Low
9515080,gate_30,363,True,False,2026-06-03 10:01:37.913743,Thailand,android,15.4,30,True,Super Player,Low
9517240,gate_30,214,True,False,2026-05-11 10:01:37.913743,Philippines,ios,15.9,30,True,Super Player,Low
9521025,gate_30,188,True,False,2026-06-13 10:01:37.913743,Indonesia,android,16.6,30,True,Super Player,Low
9546701,gate_30,224,True,False,2026-05-09 10:01:37.913743,Indonesia,android,17.0,30,True,Super Player,Low
9576510,gate_30,199,True,False,2026-05-14 10:01:37.913743,Indonesia,android,16.0,30,True,Super Player,Low
9581521,gate_40,230,True,False,2026-05-16 10:01:37.913743,Vietnam,android,18.9,40,True,Super Player,Low
9594388,gate_40,207,True,False,2026-06-03 10:01:37.913743,Indonesia,android,13.0,40,True,Super Player,Medium
9613583,gate_30,190,True,False,2026-06-06 10:01:37.913743,Indonesia,android,20.9,30,True,Super Player,Low
9615564,gate_40,357,True,False,2026-04-23 10:01:37.913743,Vietnam,android,17.0,40,True,Super Player,Low
9669460,gate_30,169,True,False,2026-06-15 10:01:37.913743,Indonesia,android,15.3,30,True,Super Player,Low
9690330,gate_30,189,True,False,2026-06-10 10:01:37.913743,Thailand,ios,10.1,30,True,Super Player,Medium
9691306,gate_30,207,True,False,2026-05-08 10:01:37.913743,Philippines,ios,11.6,30,True,Super Player,Medium
9738398,gate_30,204,True,False,2026-04-23 10:01:37.913743,Indonesia,android,15.8,30,True,Super Player,Low
9747455,gate_40,195,True,False,2026-04-29 10:01:37.913743,Indonesia,android,14.9,40,True,Super Player,Medium
9754626,gate_30,146,True,False,2026-04-30 10:01:37.913743,Thailand,android,14.7,30,True,Super Player,Medium
9782049,gate_40,383,True,False,2026-06-05 10:01:37.913743,Indonesia,android,14.3,40,True,Super Player,Medium
9790149,gate_30,161,True,False,2026-06-08 10:01:37.913743,Singapore,android,10.7,30,True,Super Player,Medium
9801978,gate_30,167,True,False,2026-05-31 10:01:37.913743,Vietnam,ios,13.8,30,True,Super Player,Medium
9843855,gate_30,364,False,False,2026-05-07 10:01:37.913743,Vietnam,android,21.6,30,True,Super Player,Low
9863078,gate_40,387,True,False,2026-05-22 10:01:37.913743,Indonesia,android,18.9,40,True,Super Player,Low
9901564,gate_40,391,True,False,2026-06-11 10:01:37.913743,Vietnam,ios,19.4,40,True,Super Player,Low
9921862,gate_30,177,True,False,2026-06-17 10:01:37.913743,Indonesia,ios,11.0,30,True,Super Player,Medium
9945088,gate_30,145,True,False,2026-06-18 10:01:37.913743,Thailand,ios,16.6,30,True,Super Player,Low
9986235,gate_30,146,True,False,2026-06-12 10:01:37.913743,Singapore,ios,15.8,30,True,Super Player,Low
9986582,gate_40,298,False,False,2026-05-20 10:01:37.913743,Singapore,android,16.7,40,True,Super Player,Low
